<?xml version="1.0" encoding="UTF-8"?>
<project-private xmlns="http://www.netbeans.org/ns/project-private/1">
    <editor-bookmarks xmlns="http://www.netbeans.org/ns/editor-bookmarks/2" lastBookmarkId="0"/>
    <open-files xmlns="http://www.netbeans.org/ns/projectui-open-files/2">
        <group>
            <file>file:/C:/Users/M.Ahsan/Documents/NetBeansProjects/driver_finite_automata/src/driver_finite_automata/Driver_finite_automata.java</file>
            <file>file:/C:/Users/M.Ahsan/Documents/NetBeansProjects/driver_finite_automata/src/driver_finite_automata/FA.java</file>
        </group>
    </open-files>
</project-private>
